tahun,total_sampah
2016,35623.9
2017,38268.0
2018,
2020,17654.14
2021,11189.310000000001
2022,10869.140000000001
2023,11288.090000000002
